meanfreq,sd,median,Q25,Q75,IQR,skew,kurt,sp.ent,sfm,mode,centroid,meanfun,minfun,maxfun,meandom,maxdom,mindom,dfrange,modindx,label
0.166872459986029,0.101091768195817,0.20191063174114,0.05824345146379,0.264899845916795,0.206656394453005,3.86813342737861,21.90155933098,0.923866628923108,0.628867722261563,0.274391371340524,0.166872459986029,0.136151033271047,0.044277108433735,0.279113924050633,0.611279296875,3.036181640625,0,3.036181640625,0.098687188773201,falsetto
0.224681437057379,0.041452997613681,0.231461590754589,0.208239292997961,0.253732154996601,0.04549286199864,1.74492843212467,5.83479820127671,0.885425377322014,0.265432539513056,0.238885112168593,0.224681437057379,0.148917583924488,0.047012732615083,0.27906976744186,0.391374143835616,3.4921875,0,3.4921875,0.04500592183182,falsetto
0.224668034557925,0.072178588479558,0.261538461538462,0.201538461538462,0.273076923076923,0.071538461538462,4.55177418864364,26.3466887333406,0.823529487894584,0.411863162149741,0.277692307692308,0.224668034557925,0.135371778560384,0.049586776859504,0.275862068965517,0.3921875,2.6953125,0.234375,2.4609375,0.079146141215107,falsetto
0.22637665154802,0.061344266020157,0.251829268292683,0.208008130081301,0.268048780487805,0.060040650406504,3.45094674678704,17.3600008881695,0.872006863227089,0.401615896138603,0.26890243902439,0.22637665154802,0.127631196202989,0.047619047619048,0.27906976744186,0.871773097826087,5.5546875,0,5.5546875,0.075346594333936,falsetto
0.220004694893962,0.065156940935975,0.24711743772242,0.186334519572954,0.268042704626335,0.081708185053381,2.95538570157389,12.8132198250831,0.87074195966284,0.464288577321267,0.271032028469751,0.220004694893962,0.106857964191311,0.047952047952048,0.218181818181818,0.560461956521739,4.640625,0.28125,4.359375,0.059139784946237,falsetto
0.229369176400476,0.061897187041252,0.256551724137931,0.213990147783251,0.270935960591133,0.056945812807882,3.80085274606088,19.0319592808235,0.869598545338941,0.395309424967508,0.271527093596059,0.229369176400476,0.118599852990578,0.047058823529412,0.262295081967213,0.4421875,0.9609375,0,0.9609375,0.096299411269975,falsetto
0.181804662222274,0.080214190670505,0.199203980099502,0.130945273631841,0.253532338308458,0.122587064676617,3.15025055842643,18.8315945491077,0.949629296298107,0.766450293659337,0.274427860696517,0.181804662222274,0.142854291539678,0.06015037593985,0.225352112676056,0.7763671875,6.4453125,0.3515625,6.09375,0.138205128205128,falsetto
0.184789354308041,0.074125042560351,0.197373876986869,0.129841050449205,0.25503800967519,0.125196959225985,2.13791878479837,9.69702529221542,0.953717025240744,0.652922199352125,0.279806496199032,0.184789354308041,0.14650797406814,0.047244094488189,0.27906976744186,0.481805788590604,7.6875,0,7.6875,0.039353053104999,falsetto
0.169206309697192,0.080834126132476,0.185208333333333,0.101354166666667,0.242083333333333,0.140729166666667,1.59170333806771,6.40779090404356,0.958187832244566,0.750417384066057,0.2603125,0.169206309697192,0.152198157724659,0.050955414012739,0.259459459459459,0.806396484375,6.6328125,0.375,6.2578125,0.120333454150054,falsetto
0.160428621512195,0.073614997141265,0.150680412371134,0.103917525773196,0.228041237113402,0.124123711340206,1.13932238892002,4.34128141785846,0.967610877028255,0.76735805150249,0.260948453608247,0.160428621512195,0.166801511622903,0.046966731898239,0.27906976744186,0.565504807692308,4.1484375,0,4.1484375,0.056873822975518,falsetto
0.166312296119237,0.084560046157788,0.174520547945205,0.088219178082192,0.247397260273973,0.159178082191781,1.58565186930214,5.40341224505778,0.944503373331386,0.733824752792814,0.249315068493151,0.166312296119237,0.173168947711139,0.047244094488189,0.259459459459459,0.775390625,1.546875,0.375,1.171875,0.18,falsetto
0.096020341877769,0.078804074974591,0.074090909090909,0.030909090909091,0.148636363636364,0.117727272727273,3.40067762194383,21.4991425443498,0.942909381877379,0.68784321839133,0,0.096020341877769,0.158751074588423,0.046964856230032,0.275625,0.55125,1.67958984375,0,1.67958984375,0.140512820512821,falsetto
0.094326745113244,0.077710690523563,0.074038461538462,0.028942307692308,0.143365384615385,0.114423076923077,2.43261053376366,10.9356185504558,0.940023443864738,0.681424447454373,0.090192307692308,0.094326745113244,0.161980593527949,0.046518987341772,0.273913043478261,1.4011962890625,21.640869140625,0,21.640869140625,0.052417910447761,falsetto
0.151526056509057,0.076341454889043,0.155912743972445,0.086475315729047,0.221171067738232,0.134695752009185,0.824142640536443,3.96885228707798,0.973820642139205,0.801781625736105,0.120229621125144,0.151526056509057,0.164784243318953,0.047856430707876,0.275862068965517,0.589543269230769,6,0,6,0.043367346938776,falsetto
0.171163816671933,0.073158478640868,0.179407407407407,0.119259259259259,0.228148148148148,0.108888888888889,1.71156502819525,7.95770342133915,0.958627529504939,0.766236384641354,0.227111111111111,0.171163816671933,0.152534975836855,0.048387096774194,0.259459459459459,0.511363636363636,0.984375,0.4453125,0.5390625,0.099378881987578,falsetto
0.14060707223937,0.076151443421699,0.13825311942959,0.077361853832442,0.200641711229947,0.123279857397504,6.1117612296865,60.593138968994,0.95048941907571,0.742796866823103,0.098823529411765,0.14060707223937,0.130758847348394,0.04692082111437,0.27906976744186,0.473772321428571,2.296875,0,2.296875,0.101045296167247,falsetto
0.140100343501555,0.075864668776814,0.136016260162602,0.07739837398374,0.200325203252033,0.122926829268293,5.70860825937061,53.2753876518056,0.949398624202566,0.737040320170507,0.098455284552846,0.140100343501555,0.129782321513325,0.04692082111437,0.27906976744186,0.485899390243902,2.3203125,0.09375,2.2265625,0.105526315789474,falsetto
0.237274914410011,0.042140447679801,0.245248226950355,0.224496453900709,0.266297872340426,0.041801418439716,2.36086908940021,8.78993772442776,0.867234721881772,0.222755683569105,0.277418439716312,0.237274914410011,0.143163847648892,0.04692082111437,0.27906976744186,0.329241071428571,3.3515625,0,3.3515625,0.029034690799397,falsetto
0.235026616577476,0.056958337907324,0.259411764705882,0.215764705882353,0.273411764705882,0.057647058823529,4.23639335184791,23.724770007815,0.824794996549934,0.346337821307684,0.28,0.235026616577476,0.11530664174944,0.047012732615083,0.277456647398844,0.358258928571429,0.65625,0.1875,0.46875,0.175925925925926,falsetto
0.132669728425522,0.078455193577789,0.141806451612903,0.059612903225807,0.19058064516129,0.130967741935484,3.06440156347516,19.3887683780471,0.959130670862398,0.780512956096016,0.060516129032258,0.132669728425522,0.139930493480799,0.049230769230769,0.188235294117647,0.393028846153846,0.7265625,0.3515625,0.375,0.1175,falsetto
0.16053332080632,0.076964227992415,0.166749102512964,0.09526924611089,0.228512165935381,0.133242919824491,0.931567069529292,4.05185800699146,0.974670781615753,0.782909782046622,0.142959712804148,0.16053332080632,0.151634434995837,0.046966731898239,0.27906976744186,0.956503378378378,4.0546875,0,4.0546875,0.127828241123039,falsetto
0.158569469823873,0.078964915851919,0.168900804289544,0.087077747989276,0.228203753351206,0.14112600536193,0.756130502087351,3.14336034697905,0.96756690104684,0.787120975504208,0.143378016085791,0.158569469823873,0.161778180225308,0.048929663608563,0.277456647398844,0.94375,2.7890625,0.515625,2.2734375,0.147643593519882,falsetto
0.189190063492101,0.080293461936859,0.217095088819227,0.115862068965517,0.263030303030303,0.147168234064786,3.63966011253818,20.4900327790653,0.939096007433757,0.653612083118881,0.275903866248694,0.189190063492101,0.132645483793825,0.043320235756385,0.272222222222222,0.801697716346154,3.940576171875,0,3.940576171875,0.128805620608899,falsetto
0.227255535761738,0.060766814598422,0.248888888888889,0.217777777777778,0.267555555555556,0.049777777777778,2.34071898540388,8.75653062729928,0.857590669763798,0.429683560989358,0.277511111111111,0.227255535761738,0.140561921609827,0.046865037194474,0.257894736842105,0.873994715073529,4.2205078125,0.2583984375,3.962109375,0.246942934782609,falsetto
0.245882525190143,0.04240111013396,0.255616835994194,0.245050798258345,0.267402031930334,0.022351233671988,2.72691909436772,9.63872154193577,0.794594653379744,0.202479831984152,0.277968069666183,0.245882525190143,0.125087366822949,0.047477744807122,0.271186440677966,0.713597074468085,4.171875,0.234375,3.9375,0.080820105820106,falsetto
0.17536798404543,0.076589031866332,0.184242424242424,0.118787878787879,0.242424242424242,0.123636363636364,1.49329708445815,6.29572336614723,0.957938285777269,0.764564271373608,0.278787878787879,0.17536798404543,0.130491764271928,0.047105004906771,0.191235059760956,0.962171052631579,1.265625,0.7265625,0.5390625,0.103864734299517,falsetto
0.204615114282935,0.063181442416459,0.215934366453965,0.167013065937405,0.257453661501063,0.090440595563659,2.66307492437121,15.1086800736444,0.939495760166436,0.549300613238299,0.279489516864175,0.204615114282935,0.140601365537711,0.046966731898239,0.274285714285714,0.597759955752212,4.125,0,4.125,0.059106334841629,falsetto
0.168375589274904,0.084948319143308,0.184569288389513,0.089138576779026,0.246441947565543,0.157303370786517,2.13189869083111,9.20451128872132,0.957559826354129,0.778073127694489,0.274756554307116,0.168375589274904,0.129934716468175,0.049129989764586,0.235294117647059,0.699928977272727,4.1484375,0.3515625,3.796875,0.129923574368019,falsetto
0.149762067309009,0.068867848717536,0.132558714462299,0.100024721878863,0.20627935723115,0.106254635352287,16.3621212535608,303.605840229367,0.916005894736926,0.643794552017395,0.100370828182942,0.149762067309009,0.13648468987382,0.043192948090108,0.273913043478261,0.632293146306818,1.07666015625,0.107666015625,0.968994140625,0.178189300411523,falsetto
0.146418231632532,0.066108874102101,0.130731707317073,0.100487804878049,0.200975609756098,0.100487804878049,9.90444374800331,114.513767102945,0.881811082387268,0.59111562453656,0.100487804878049,0.146418231632532,0.160573057350286,0.050982658959538,0.2296875,0.6782958984375,0.925927734375,0.366064453125,0.55986328125,0.210622710622711,falsetto
0.129512698130049,0.064187529887052,0.11104199066874,0.0949300155521,0.169393468118196,0.074463452566096,5.74270836533274,45.2724214281502,0.925995187120615,0.63328395139955,0.110606531881804,0.129512698130049,0.187697506643525,0.04375,0.264071856287425,0.697956649116848,1.42119140625,0.366064453125,1.055126953125,0.082993197278912,falsetto
0.129551449850392,0.059945074172713,0.110187393526405,0.102078364565588,0.165996592844974,0.063918228279387,4.91896656030097,30.1849053588331,0.888293473367526,0.554687171616107,0.110187393526405,0.129551449850392,0.166229367994868,0.0504,0.26094674556213,0.680927734375,0.882861328125,0.4306640625,0.452197265625,0.103896103896104,falsetto
0.134498009333917,0.0861198102388,0.140372010628875,0.050097431355182,0.212790079716563,0.162692648361382,1.67001775827175,10.86652828052,0.974846013845252,0.810998089552882,0.059521700620018,0.134498009333917,0.17709942421434,0.0441,0.277358490566038,1.024693359375,4.5650390625,0,4.5650390625,0.064006813417191,falsetto
0.155361315527755,0.075995761967404,0.170361445783133,0.083493975903615,0.215060240963855,0.131566265060241,3.70885665070521,26.0153804109014,0.946720366837964,0.725747200225263,0.059879518072289,0.155361315527755,0.224099099973116,0.05841059602649,0.279113924050633,0.66322265625,2.0671875,0.495263671875,1.571923828125,0.154109589041096,falsetto
0.153276849746703,0.076607203931766,0.161055408970976,0.086930518909411,0.216710642040457,0.129780123131047,6.02807194081962,80.0916131869138,0.966446137202794,0.776166365072905,0.042603342128408,0.153276849746703,0.144575700622621,0.043108504398827,0.26094674556213,0.478194669397866,1.701123046875,0.38759765625,1.313525390625,0.014344262295082,falsetto
0.154986724485049,0.076541781308232,0.164705882352941,0.086603415559772,0.216774193548387,0.130170777988615,2.72114958030217,20.6116442073033,0.966172408333246,0.787614918426045,0.042504743833017,0.154986724485049,0.160187597134024,0.043448275862069,0.252,0.4586572265625,0.495263671875,0.38759765625,0.107666015625,0.092307692307692,falsetto
0.144730706144186,0.081983456797063,0.142064896755162,0.07984267453294,0.218053097345133,0.138210422812193,1.22782843652245,5.82131126400106,0.975542539742065,0.814646081291672,0.12031465093412,0.144730706144186,0.161759663184445,0.043405511811024,0.256395348837209,0.751939453125,2.993115234375,0.322998046875,2.6701171875,0.029424585876199,falsetto
0.136516733285869,0.086139717821711,0.135359116022099,0.057237569060774,0.212707182320442,0.155469613259669,1.27677608433907,5.95034419609837,0.971587696515076,0.823558985352176,0.003867403314917,0.136516733285869,0.155503481444585,0.047934782608696,0.217241379310345,0.73212890625,1.03359375,0.64599609375,0.38759765625,0.177350427350427,falsetto
0.119758844079494,0.083508792383841,0.112273838630807,0.052713936430318,0.185867970660147,0.133154034229829,30.1358163307351,984.879015263174,0.924781028029147,0.733422870590347,0,0.119758844079494,0.187229230181457,0.043448275862069,0.275625,0.71392197027439,1.42119140625,0.6029296875,0.81826171875,0.048101811906816,falsetto
0.114697876479925,0.084830224582784,0.101741741741742,0.03951951951952,0.17993993993994,0.14042042042042,13.043239466131,193.996696294407,0.92401699704662,0.739907969421568,0,0.114697876479925,0.186812313758024,0.049886877828054,0.270552147239264,0.7958671875,1.399658203125,0.667529296875,0.73212890625,0.202205882352941,falsetto
0.183687044554845,0.066875014225061,0.197573033707865,0.135910112359551,0.239415730337079,0.103505617977528,2.60543871377843,16.414748432377,0.950446506452405,0.665133845809782,0.239101123595506,0.183687044554845,0.15858115836626,0.043192948090108,0.279113924050633,1.27601594002016,9.9052734375,0.452197265625,9.453076171875,0.045744800029874,falsetto
0.18386414680874,0.066284113983249,0.191910112359551,0.141573033707865,0.240149812734082,0.098576779026217,1.97753207193454,9.19250958571618,0.936439890021161,0.645835432186408,0.240149812734082,0.18386414680874,0.14157296172933,0.049718151071026,0.279113924050633,0.54156005859375,0.581396484375,0.452197265625,0.12919921875,0.096491228070175,falsetto
0.138227492347604,0.083014751500975,0.128757575757576,0.064272727272727,0.214454545454545,0.150181818181818,6.11940778753746,74.5444047866985,0.972120979804032,0.813846086778051,0.100121212121212,0.138227492347604,0.228279606281073,0.043277723258096,0.277358490566038,1.04714273174157,1.227392578125,0.925927734375,0.30146484375,0.107954545454545,falsetto
0.138824768793003,0.087146688915442,0.134883720930233,0.066046511627907,0.213023255813953,0.146976744186047,7.97886183216846,93.3636272583037,0.948549563320888,0.773476039075407,0,0.138824768793003,0.225757931500548,0.053846153846154,0.26566265060241,1.03172129755435,1.055126953125,1.012060546875,0.04306640625,0.295454545454545,falsetto
0.126530764626685,0.081221559595488,0.120419226599205,0.053935670401157,0.194694615106614,0.140758944705457,2.05048400375097,12.8247334517585,0.976662839620419,0.810209269182977,0.018315865558367,0.126530764626685,0.161386634625353,0.043192948090108,0.279113924050633,0.816960261418269,6.58916015625,0,6.58916015625,0.03347365311473,falsetto
0.127484149102053,0.080799502953453,0.125310492505353,0.054561027837259,0.196059957173448,0.141498929336188,1.90498155558092,11.2571001230365,0.973016555196401,0.832067931485876,0.018586723768737,0.127484149102053,0.208394096010627,0.043880597014925,0.279113924050633,0.81287841796875,1.485791015625,0.452197265625,1.03359375,0.226785714285714,falsetto
0.23551558868091,0.046839639277342,0.247540983606557,0.227213114754098,0.262622950819672,0.035409836065574,2.64056446143466,10.1997594701552,0.838024931056035,0.266168010386243,0.250491803278689,0.23551558868091,0.162722111035785,0.043108504398827,0.279113924050633,0.61405517578125,6.84755859375,0,6.84755859375,0.068340071877808,falsetto
0.2458452574929,0.049805479936792,0.263030303030303,0.243939393939394,0.269393939393939,0.025454545454545,3.40256903352838,15.2071292892778,0.719963186712905,0.218671156992285,0.265151515151515,0.2458452574929,0.13868874827423,0.045,0.256395348837209,0.378984375,0.64599609375,0.236865234375,0.409130859375,0.321637426900585,falsetto
0.13495932888246,0.079063056758148,0.124782608695652,0.06501976284585,0.210276679841897,0.145256916996047,0.790339433510296,3.76484725181915,0.978762374885278,0.834133150139299,0.052845849802372,0.13495932888246,0.149240721952539,0.046966731898239,0.27906976744186,1.29185267857143,7.078125,0.515625,6.5625,0.083392857142857,falsetto
0.150798447582689,0.077795966848236,0.144516129032258,0.084903225806452,0.225806451612903,0.140903225806452,0.089924711266456,2.69022322489789,0.972682218180768,0.822963193772114,0.086709677419355,0.150798447582689,0.11834123940649,0.048484848484849,0.243654822335025,1.01322115384615,2.90625,0.5625,2.34375,0.23,falsetto
0.16627074353665,0.073644297434195,0.179701492537313,0.098905472636816,0.232172470978441,0.133266998341625,0.844120799620576,3.41247874713603,0.96146370289221,0.719944111384669,0.249353233830846,0.16627074353665,0.151105559394684,0.047058823529412,0.27906976744186,1.62477022058824,6.8671875,0,6.8671875,0.126750617865129,falsetto
0.124735576489171,0.072911751270874,0.102752293577982,0.074495412844037,0.174678899082569,0.100183486238532,3.08253385380319,15.057623566337,0.912017762745466,0.66831071456199,0.100183486238532,0.124735576489171,0.18566521150793,0.077294685990338,0.246153846153846,0.950520833333333,1.2421875,0.4453125,0.796875,0.191176470588235,falsetto
0.15016420847144,0.066125883560412,0.149232839838493,0.089690444145357,0.204253028263795,0.114562584118439,0.769760384597578,3.12835358618286,0.958357981021084,0.64560169788262,0.088183041722746,0.15016420847144,0.14987755117925,0.047524752475248,0.277456647398844,1.00334821428571,3.3046875,0,3.3046875,0.089515046961856,falsetto
0.156989295367331,0.081432041436459,0.156578947368421,0.082894736842105,0.233947368421053,0.151052631578947,1.56488643990181,6.43909681186407,0.959322832802792,0.790387774248918,0.046052631578947,0.156989295367331,0.171403342056827,0.047952047952048,0.277456647398844,1.009765625,1.6875,0.5390625,1.1484375,0.205936920222635,falsetto
0.142706290590461,0.068181496411225,0.135044247787611,0.087345132743363,0.196991150442478,0.109646017699115,-0.399020395406889,2.43580445284262,0.983018310768503,0.863934461553295,0.112743362831858,0.142706290590461,0.16863841168438,0.04833836858006,0.277456647398844,0.70539314516129,1.5703125,0,1.5703125,0.113322277501382,falsetto
0.142706266430078,0.068181515484913,0.135044247787611,0.087345132743363,0.196991150442478,0.109646017699115,-0.399013711058794,2.4357972715201,0.983018382912855,0.863935704835028,0.112743362831858,0.142706266430078,0.167516797737688,0.04833836858006,0.277456647398844,0.70539314516129,1.5703125,0,1.5703125,0.113322277501382,falsetto
0.152135366002847,0.073775293725799,0.14619926199262,0.099704797047971,0.215424354243542,0.115719557195572,11.5099588270693,166.332093938242,0.945874230496865,0.751713269439888,0.100221402214022,0.152135366002847,0.171080571538333,0.047105004906771,0.271186440677966,1.328125,3.515625,0.421875,3.09375,0.247186147186147,falsetto
0.144990907482507,0.078153013361261,0.12962962962963,0.079074074074074,0.215185185185185,0.136111111111111,7.43068926226889,72.2629666346672,0.925807167676011,0.70679220935197,0.101111111111111,0.144990907482507,0.182439817353844,0.055299539170507,0.268156424581006,1.48621323529412,3.1171875,0.515625,2.6015625,0.278078078078078,falsetto
0.134854764822774,0.083922505626514,0.103879472693032,0.063804143126177,0.212504708097928,0.148700564971751,1.8274936212745,8.3836382535256,0.953867690778648,0.72288796671519,0.100188323917137,0.134854764822774,0.158112185813433,0.052117263843648,0.274285714285714,1.06231831395349,3.8203125,0,3.8203125,0.114918449797995,falsetto
0.147800446592013,0.07527689614055,0.158529411764706,0.088529411764706,0.203823529411765,0.115294117647059,4.57504750651233,31.3952225914264,0.915538960397821,0.692345474825508,0.100882352941176,0.147800446592013,0.155360287929992,0.059925093632959,0.2152466367713,1.63210227272727,3.8203125,0.3984375,3.421875,0.296575342465753,falsetto
0.193857540190724,0.087414615402429,0.239676985195155,0.100619111709287,0.269448183041723,0.168829071332436,3.69891419892341,17.2007522641561,0.891817766048445,0.544839117483772,0.100242261103634,0.193857540190724,0.14572275045998,0.04868154158215,0.272727272727273,0.478467987804878,2.2734375,0,2.2734375,0.105449189985272,falsetto
0.164270768080463,0.083440205714517,0.16046783625731,0.097426900584795,0.248888888888889,0.151461988304094,6.19021960582786,53.3847285691905,0.926104396982085,0.688343961089958,0.100701754385965,0.164270768080463,0.11058272642639,0.047337278106509,0.27906976744186,0.58875,6.1640625,0,6.1640625,0.115697990222705,falsetto
0.153060465635033,0.079286222558794,0.164169381107492,0.097133550488599,0.215244299674267,0.118110749185668,1.21063704744619,4.913436250522,0.970555404631565,0.803575588990597,0.255374592833876,0.153060465635033,0.183013495686798,0.047477744807122,0.277456647398844,0.896634615384615,6.5625,0.46875,6.09375,0.099291497975709,falsetto
0.150486562340233,0.081018951298859,0.160706401766004,0.085916114790287,0.216953642384106,0.131037527593819,0.979360086531124,4.08763912365357,0.970241919412013,0.8013979877888,0.255275938189846,0.150486562340233,0.190260332902553,0.050261780104712,0.275862068965517,0.917763157894737,6.515625,0.46875,6.046875,0.099203855017809,falsetto
0.154380192359796,0.062292974207359,0.15413612565445,0.10261780104712,0.202722513089005,0.100104712041885,0.399460281862143,2.48645094026596,0.968255531936202,0.712859244622681,0.101151832460733,0.154380192359796,0.157352867984318,0.046966731898239,0.275862068965517,0.863932291666667,6.8203125,0,6.8203125,0.101627248837679,falsetto
0.179270287904211,0.053927569125854,0.18928,0.1568,0.2128,0.056,1.30273360124192,3.73915697926572,0.921507518616586,0.591268330241698,0.19152,0.179270287904211,0.139620910473048,0.052117263843648,0.274285714285714,0.65625,2.8828125,0.421875,2.4609375,0.120952380952381,falsetto
0.162621436066175,0.070086890671611,0.166169560776302,0.100674157303371,0.223942798774259,0.123268641470889,0.306678850078078,2.43363200339144,0.968467812079209,0.712086744258326,0.078937691521961,0.162621436066175,0.155505614666783,0.047430830039526,0.27906976744186,1.07645089285714,6.515625,0.1875,6.328125,0.104093567251462,falsetto
0.163560266270388,0.067343939608144,0.167222222222222,0.102407407407407,0.221666666666667,0.119259259259259,0.129116146474153,2.03472821459753,0.960059008899349,0.705889331646411,0.09462962962963,0.163560266270388,0.148675531260672,0.050686378035903,0.275862068965517,1.02604166666667,6.9609375,0.1171875,6.84375,0.13638195004029,falsetto
0.183213448146721,0.062095142080118,0.192390852390852,0.147858627858628,0.227318087318087,0.07945945945946,1.12468809445196,4.17347684581085,0.95389617161379,0.653886230906682,0.222370062370062,0.183213448146721,0.16039514981487,0.048533872598584,0.277456647398844,1.56551846590909,7.078125,0.4453125,6.6328125,0.113339222614841,falsetto
0.151753572260377,0.075829208624749,0.152389380530973,0.080530973451327,0.223008849557522,0.142477876106195,0.534099678993097,2.50867639958324,0.958131653432764,0.730767099313993,0.244070796460177,0.151753572260377,0.180356455308708,0.050739957716702,0.275862068965517,1.65666118421053,6.8671875,0.46875,6.3984375,0.126984126984127,falsetto
0.170999385533668,0.069677859050451,0.170549450549451,0.112967032967033,0.237802197802198,0.124835164835165,0.851715995458167,3.00861822116969,0.951732728639902,0.644722185847554,0.256263736263736,0.170999385533668,0.142452297780611,0.047904191616767,0.277456647398844,0.914751838235294,7.2890625,0.5859375,6.703125,0.037613901250265,falsetto
0.172616445563583,0.070126188556159,0.165074626865672,0.112835820895522,0.242388059701493,0.12955223880597,0.37819111960018,2.19276557003949,0.937353467824402,0.595090415532435,0.087761194029851,0.172616445563583,0.126692908115472,0.049844236760125,0.224299065420561,0.683948863636364,0.703125,0.6328125,0.0703125,0.366666666666667,falsetto
0.201325815304801,0.054780871594149,0.202921348314607,0.170936329588015,0.24749063670412,0.076554307116105,1.85116979289573,6.40621753053353,0.913100661310533,0.449344730905825,0.278164794007491,0.201325815304801,0.140045062602591,0.047524752475248,0.27906976744186,1.05711206896552,6.2578125,0,6.2578125,0.100911596353615,falsetto
0.226450967872669,0.060818129846849,0.248539325842697,0.206591760299625,0.269513108614232,0.062921348314607,2.81774995983633,11.8472354200705,0.867312398079207,0.433674026289638,0.278951310861423,0.226450967872669,0.124319062896803,0.047105004906771,0.277456647398844,1.04403409090909,6.28125,0.3046875,5.9765625,0.106629318394024,falsetto
0.197081498522557,0.068687741488343,0.216565656565657,0.154747474747475,0.252525252525252,0.097777777777778,1.69041245382032,5.62396904241974,0.939021909879434,0.632963378987539,0.272727272727273,0.197081498522557,0.156534429970829,0.047524752475248,0.27906976744186,0.821841032608696,5.7890625,0.4453125,5.34375,0.049641148325359,falsetto
0.180460349228252,0.069338580780083,0.189035532994924,0.139289340101523,0.240203045685279,0.100913705583756,1.46019625473943,5.31545658667975,0.944591871486408,0.707865196548281,0.164873096446701,0.180460349228252,0.138021495436344,0.047337278106509,0.277456647398844,0.63427734375,1.21875,0.4453125,0.7734375,0.18989898989899,falsetto
0.169486457492626,0.075867562504784,0.17863687150838,0.103240223463687,0.236826815642458,0.133586592178771,3.81772546851683,28.0252079136972,0.954678690731696,0.716622311501787,0.060067039106145,0.169486457492626,0.140912119577534,0.047619047619048,0.27906976744186,0.917410714285714,6.890625,0,6.890625,0.079055864770151,falsetto
0.159913584165541,0.079404251752999,0.176206896551724,0.098965517241379,0.22448275862069,0.12551724137931,1.88346862904863,9.96644868626374,0.962315700683779,0.819089072878092,0.181034482758621,0.159913584165541,0.170581390642686,0.050955414012739,0.259459459459459,0.744791666666667,1.03125,0.515625,0.515625,0.261363636363636,falsetto
0.152945006707218,0.078621181909649,0.155197956577267,0.076883780332056,0.225287356321839,0.148403575989783,2.05703714166695,13.2052570125154,0.966103308323856,0.758114915429515,0.055427841634738,0.152945006707218,0.184529530261506,0.046966731898239,0.277456647398844,0.790736607142857,5.578125,0,5.578125,0.062091503267974,falsetto
0.120801008950428,0.072086416781756,0.108,0.058,0.176,0.118,3.83735009364287,21.7348362365909,0.935239630514891,0.726556568800181,0.058,0.120801008950428,0.146668514309331,0.047761194029851,0.247422680412371,0.939630681818182,1.5234375,0.421875,1.1015625,0.14468085106383,falsetto
0.153743130012055,0.064614375300191,0.144719101123595,0.105131086142322,0.200823970037453,0.095692883895131,0.572491808669575,2.85336325945744,0.963761409120999,0.684204749240071,0.108539325842697,0.153743130012055,0.179620526383169,0.047571853320119,0.269662921348315,0.783900669642857,2.671875,0.328125,2.34375,0.108076923076923,falsetto
0.192633409289918,0.070639358721532,0.208510638297872,0.146553191489362,0.252595744680851,0.106042553191489,1.42539453956711,4.57768315947953,0.934462611679957,0.656262789951119,0.231148936170213,0.192633409289918,0.157778753490879,0.049331963001028,0.231884057971014,0.895559210526316,2.3203125,0.328125,1.9921875,0.12156862745098,falsetto
0.235783197775042,0.0601313306488,0.261214868540345,0.230752493200363,0.272638259292838,0.041885766092475,4.28144698713504,25.3527510332183,0.841952954635631,0.337886229044414,0.277969174977335,0.235783197775042,0.137063559363726,0.047012732615083,0.27906976744186,0.937183277027027,7.8984375,0.234375,7.6640625,0.124717457784869,falsetto
0.254308557066153,0.047567942477403,0.273170731707317,0.254390243902439,0.276585365853659,0.02219512195122,4.82819256901146,26.8152443880383,0.667891490866841,0.196179899969689,0.28,0.254308557066153,0.12265959678114,0.047571853320119,0.27906976744186,0.340745192307692,0.65625,0.234375,0.421875,0.171296296296296,falsetto
0.150087956337585,0.073120940083948,0.128324066719619,0.086957903097697,0.222843526608419,0.135885623510723,1.02145859523496,3.4758741468287,0.964491962405237,0.728547612914553,0.082509928514694,0.150087956337585,0.171801376582149,0.047477744807122,0.266666666666667,0.7401123046875,1.9453125,0.0703125,1.875,0.089344262295082,falsetto
0.16176937343318,0.081875478769759,0.171050583657588,0.093696498054475,0.238599221789883,0.144902723735409,1.30361128516053,5.25557983402404,0.968351842032937,0.820937688226551,0.28,0.16176937343318,0.197101683619619,0.061146496815287,0.246153846153846,0.821428571428571,1.6640625,0.421875,1.2421875,0.112264150943396,falsetto
0.251639092621297,0.052982923663329,0.273176279447604,0.255434606011373,0.277725426482535,0.022290820471162,6.81171573731263,54.5910347048865,0.749439048496842,0.209435677693953,0.277270511779041,0.251639092621297,0.161386434897273,0.04868154158215,0.27906976744186,0.5078125,3.7734375,0,3.7734375,0.067619828899566,falsetto
0.236848503706403,0.065738464778966,0.264035087719298,0.239473684210526,0.275087719298246,0.035614035087719,6.54997997824784,54.4388834217747,0.760531170529348,0.324185690356588,0.278771929824561,0.236848503706403,0.146937719255335,0.04902962206333,0.27906976744186,0.447779605263158,0.6796875,0.28125,0.3984375,0.107843137254902,falsetto
0.248150808742098,0.04704284585508,0.265696040868455,0.248173690932312,0.271775223499361,0.02360153256705,4.21395320830646,23.0378420298403,0.782592797401555,0.214959877678671,0.266768837803321,0.248150808742098,0.163899282468755,0.048,0.27906976744186,0.39046875,1.078125,0.234375,0.84375,0.173611111111111,falsetto
0.172300038751581,0.079192229939058,0.18,0.108571428571429,0.24,0.131428571428571,1.57089588972172,6.65901717403078,0.948705422882037,0.764695250773376,0.271428571428571,0.172300038751581,0.113501127370444,0.047713717693837,0.203389830508475,0.5185546875,1.1015625,0.328125,0.7734375,0.38961038961039,falsetto
0.155181203468594,0.061927539322614,0.148869565217391,0.108521739130435,0.203478260869565,0.09495652173913,0.973568279186022,3.64274821632004,0.953893297113424,0.644651594883181,0.107478260869565,0.155181203468594,0.155550595811113,0.04868154158215,0.27906976744186,1.1671875,7.0078125,0,7.0078125,0.090087525795204,falsetto
0.150690973715554,0.068063817375026,0.138028169014085,0.094647887323944,0.209014084507042,0.114366197183099,1.12460297355535,4.23044673775053,0.944824415219995,0.730041184742159,0.114366197183099,0.150690973715554,0.121606930420045,0.060377358490566,0.275862068965517,0.59765625,0.6328125,0.5390625,0.09375,0.25,falsetto
0.240591412879991,0.040188525119081,0.251549839228296,0.228501607717042,0.266135048231511,0.037633440514469,2.50730207013765,9.47194630568815,0.842396416020166,0.201007659284278,0.267215434083601,0.240591412879991,0.162322683298969,0.047477744807122,0.27906976744186,0.470970394736842,6.984375,0,6.984375,0.033971796998718,falsetto
0.256241596968636,0.041986158948652,0.268538011695906,0.260350877192982,0.273450292397661,0.013099415204678,4.24313163581623,21.844697104483,0.651560636442951,0.150311788429696,0.275087719298246,0.256241596968636,0.135234248238063,0.050901378579003,0.27906976744186,0.400111607142857,0.609375,0.2578125,0.3515625,0.487179487179487,falsetto
0.13823218239878,0.073487024992853,0.130107066381156,0.075546038543897,0.194860813704497,0.1193147751606,0.699178750150127,2.84560470231058,0.967582163202875,0.753508002853922,0.053062098501071,0.13823218239878,0.140138067169215,0.047058823529412,0.275862068965517,0.930288461538462,5.6015625,0,5.6015625,0.118549511854951,falsetto
0.132500986331789,0.065572040863355,0.129801324503311,0.076026490066225,0.166887417218543,0.090860927152318,0.590375785010939,2.36407425568895,0.952240150883436,0.703986886839971,0.139072847682119,0.132500986331789,0.127569577628446,0.049129989764586,0.194331983805668,1.39453125,5.6015625,0.3515625,5.25,0.202516233766234,falsetto
0.15254052022094,0.072352888382648,0.166041958041958,0.085370629370629,0.211468531468531,0.126097902097902,1.89457276362043,10.7724480682829,0.962108449285324,0.740913522122856,0.188363636363636,0.15254052022094,0.172920201572855,0.051009564293305,0.262295081967213,0.7224609375,2.3671875,0,2.3671875,0.11412193850964,falsetto
0.179004917153789,0.070598565213187,0.189333333333333,0.130666666666667,0.24,0.109333333333333,2.7946024160744,12.5138373188843,0.914925823068115,0.672136060524686,0.192,0.179004917153789,0.194799499309441,0.054857142857143,0.25668449197861,0.486328125,0.515625,0.46875,0.046875,0.357142857142857,falsetto
0.167915274997071,0.067772476338957,0.178862876254181,0.123612040133779,0.217257525083612,0.093645484949833,2.96192256228281,14.0326884130098,0.949307365610429,0.717759628043082,0.176989966555184,0.167915274997071,0.169067163576365,0.047384007897335,0.27906976744186,0.594414893617021,1.3125,0,1.3125,0.112541528239203,falsetto
0.163386117734558,0.077499184416143,0.177777777777778,0.097777777777778,0.231111111111111,0.133333333333333,1.10146521309735,5.07541215731787,0.958132768697379,0.785326064129333,0.217777777777778,0.163386117734558,0.175021137348313,0.04953560371517,0.269662921348315,0.73125,1.21875,0.46875,0.75,0.232638888888889,falsetto
0.16497891916471,0.0768358132679,0.191515151515151,0.097777777777778,0.226666666666667,0.128888888888889,1.18781953222921,3.92736135649467,0.967600781405752,0.790591734235126,0.197979797979798,0.16497891916471,0.198619788734809,0.049382716049383,0.272727272727273,0.754261363636364,7.265625,0,7.265625,0.051536098310292,falsetto
0.165992321670367,0.071120442141431,0.175384615384615,0.110769230769231,0.224615384615385,0.113846153846154,0.317576898574954,2.21281836472534,0.959060145009965,0.785769775296174,0.276923076923077,0.165992321670367,0.172077220343363,0.055684454756381,0.269662921348315,0.4921875,0.5390625,0.4453125,0.09375,0.333333333333333,falsetto
0.140443807122507,0.065571648307588,0.133793103448276,0.087816091954023,0.190804597701149,0.102988505747126,0.834407742395624,3.44116953820754,0.965946697761098,0.754684697356591,0.137471264367816,0.140443807122507,0.181469825646989,0.048484848484849,0.277456647398844,0.517619680851064,1.640625,0,1.640625,0.06304347826087,falsetto
0.143952157050024,0.07811177129443,0.143482587064677,0.079402985074627,0.211741293532338,0.132338308457711,0.573493328738527,2.58744623391235,0.971754123262413,0.838463067919377,0.208955223880597,0.143952157050024,0.21163037641847,0.065573770491803,0.242424242424242,0.48779296875,0.8671875,0.4453125,0.421875,0.144444444444444,falsetto
0.228823253981441,0.066071440842119,0.256985084100286,0.223129165344335,0.27146937480165,0.048340209457315,3.68705969946862,18.2943867615995,0.879417009915436,0.393310366467383,0.276178990796573,0.228823253981441,0.133063081907315,0.047197640117994,0.277456647398844,0.434621710526316,3.0703125,0,3.0703125,0.035896037804435,falsetto
0.22992820288944,0.074086767093635,0.264180790960452,0.227796610169492,0.27683615819209,0.049039548022599,7.1653844580918,65.0396682121624,0.769453470601555,0.400553167420717,0.28,0.22992820288944,0.116713182100427,0.047904191616767,0.19672131147541,0.323102678571429,0.3515625,0.3046875,0.046875,0.192307692307692,falsetto
0.20155477013067,0.063041659116995,0.216363636363636,0.159090909090909,0.250727272727273,0.091636363636364,1.81057200552277,6.35338265447035,0.911314407110412,0.54814676130333,0.248181818181818,0.20155477013067,0.126551844847267,0.047244094488189,0.222222222222222,0.63671875,0.6796875,0.609375,0.0703125,0.196078431372549,falsetto
0.162352560095109,0.07120097689762,0.153149171270718,0.106740331491713,0.222762430939227,0.116022099447514,2.30903584850809,10.2527071000067,0.944781107188013,0.733772433715667,0.105193370165746,0.162352560095109,0.129784563410071,0.054794520547945,0.235294117647059,0.638221153846154,0.703125,0.609375,0.09375,0.25,falsetto
0.157112928110962,0.064641392772868,0.175,0.099473684210526,0.204473684210526,0.105,2.58046003919712,12.7645315348191,0.92292387630726,0.614274542873115,0.097631578947368,0.157112928110962,0.128198937321585,0.061224489795918,0.207792207792208,0.587890625,0.6328125,0.5625,0.0703125,0.272727272727273,falsetto
0.205474316523143,0.076806609708754,0.23489932885906,0.163489932885906,0.270604026845638,0.107114093959732,4.41583556982895,26.1394569532076,0.892022594193396,0.607240030098013,0.278120805369128,0.205474316523143,0.157615896558325,0.047713717693837,0.274285714285714,1.10546875,6.1640625,0.4453125,5.71875,0.214605067064083,falsetto
0.148131428733963,0.061352867918097,0.141238938053097,0.106548672566372,0.190796460176991,0.084247787610619,0.934192442865625,3.41288706830175,0.947648839939785,0.730679586738986,0.131327433628319,0.148131428733963,0.144253230758837,0.048387096774194,0.27906976744186,1.703125,6.375,0.515625,5.859375,0.275,falsetto
0.132746478499215,0.067501168849421,0.122222222222222,0.08,0.177777777777778,0.097777777777778,1.21139837494453,4.1907503856157,0.946765525647621,0.707407028512887,0.14,0.132746478499215,0.171719282409014,0.050052137643379,0.260869565217391,0.854166666666667,1.4765625,0.65625,0.8203125,0.159183673469388,falsetto
0.259986008463707,0.050025942001839,0.274862385321101,0.272293577981651,0.27743119266055,0.005137614678899,5.19558738291001,29.3221948755285,0.517654945814822,0.145582938314447,0.27743119266055,0.259986008463707,0.198524415920881,0.092307692307692,0.27906976744186,1.90364583333333,3.9140625,0.328125,3.5859375,0.321895424836601,falsetto
0.191717435766974,0.071944935442918,0.212703862660944,0.152217453505007,0.245150214592275,0.092932761087268,1.46132704440087,4.71602420441061,0.946530565721063,0.672709685383612,0.279599427753934,0.191717435766974,0.150760557785633,0.047713717693837,0.275862068965517,1.16173986486486,5.5078125,0,5.5078125,0.169211514392991,falsetto
0.180511170296921,0.075885508704327,0.1952,0.128,0.2464,0.1184,1.69842012247471,6.78257698824097,0.950276967560999,0.74272672220554,0.2752,0.180511170296921,0.145626854509997,0.047012732615083,0.253968253968254,0.838727678571429,5.5546875,0.3046875,5.25,0.169299450549451,falsetto
0.144399338872095,0.079474718956781,0.131655629139073,0.079735099337748,0.220662251655629,0.140927152317881,1.02972397694043,4.12122287216252,0.962093707325438,0.798765045241388,0.122384105960265,0.144399338872095,0.153614218463911,0.057761732851986,0.268156424581006,1.078125,1.78125,0.5859375,1.1953125,0.151515151515152,falsetto
0.158605204893502,0.070747424964891,0.157948717948718,0.103384615384615,0.216820512820513,0.113435897435897,0.703328565405147,3.08459423617093,0.965083428803682,0.789140696035325,0.132102564102564,0.158605204893502,0.159650173706501,0.051227321237994,0.27906976744186,0.66875,1.21875,0.515625,0.703125,0.092307692307692,falsetto
0.200002288836169,0.075722575480372,0.225225,0.139825,0.26565,0.125825,3.91726539251107,23.7593143703345,0.929884895790336,0.602695246324259,0.278425,0.200002288836169,0.152297291358621,0.047105004906771,0.27906976744186,0.977728544776119,6.5859375,0,6.5859375,0.050109057513489,falsetto
0.197678698836629,0.065069953518837,0.221703470031546,0.170473186119874,0.232302839116719,0.061829652996845,2.91669434237023,11.5406363993374,0.892399042908866,0.54803280947237,0.226119873817035,0.197678698836629,0.154257777596494,0.05111821086262,0.260869565217391,0.8465625,6.5625,0.3046875,6.2578125,0.055202735710796,falsetto
0.163911749977897,0.073990899483463,0.183125948406677,0.101122913505311,0.223065250379363,0.121942336874052,1.28235544259163,4.92125836781111,0.965072702746991,0.766408071917065,0.216267071320182,0.163911749977897,0.163666872272726,0.048435923309788,0.27906976744186,0.560546875,1.265625,0,1.265625,0.133557800224467,falsetto
0.168278000567427,0.072872419570681,0.186435643564356,0.11019801980198,0.225247524752475,0.115049504950495,1.38808954104133,4.93367115641967,0.959258177637568,0.756679382568677,0.216930693069307,0.168278000567427,0.161619909893992,0.047384007897335,0.268156424581006,0.56484375,1.125,0.375,0.75,0.163194444444444,falsetto
0.153194609935417,0.072887163231256,0.144516129032258,0.094838709677419,0.216774193548387,0.121935483870968,0.77343511298504,3.38400368850907,0.969767138026567,0.783165648500608,0.132774193548387,0.153194609935417,0.192510801875154,0.050955414012739,0.27906976744186,0.896484375,7.78125,0,7.78125,0.046066619418852,falsetto
0.152469753512828,0.072378696983826,0.142198952879581,0.09455497382199,0.216230366492147,0.121675392670157,0.70202026301865,3.25243545269208,0.968729510023679,0.785799598970952,0.132670157068063,0.152469753512828,0.182842552857132,0.047197640117994,0.27906976744186,0.68203125,1.171875,0,1.171875,0.101481481481481,falsetto
0.163911749977897,0.073990899483463,0.183125948406677,0.101122913505311,0.223065250379363,0.121942336874052,1.28235544259163,4.92125836781111,0.965072702746991,0.766408071917065,0.216267071320182,0.163911749977897,0.163666872272726,0.048435923309788,0.27906976744186,0.560546875,1.265625,0,1.265625,0.133557800224467,falsetto
0.16860854032646,0.072877963674309,0.186666666666667,0.110697674418605,0.225736434108527,0.115038759689922,1.40850124169004,5.03526818444834,0.958940056129609,0.756752386260395,0.216330749354005,0.16860854032646,0.161230252311351,0.047290640394089,0.246153846153846,0.554418103448276,1.125,0.375,0.75,0.163461538461538,falsetto
0.154913658422114,0.068155279844496,0.148354430379747,0.104303797468354,0.217721518987342,0.113417721518987,0.490550012242504,2.65792103477819,0.969055232333613,0.771521395205879,0.127088607594937,0.154913658422114,0.15429042841482,0.048582995951417,0.27906976744186,0.835477941176471,7.3125,0.3984375,6.9140625,0.090572033898305,falsetto
0.156723316156108,0.068746256519034,0.1505,0.1057,0.2205,0.1148,0.566991033975454,2.9052801383992,0.966814357429803,0.76762110213849,0.1274,0.156723316156108,0.159254178118995,0.047151277013753,0.274285714285714,0.892045454545455,7.5,0.3984375,7.1015625,0.09529702970297,falsetto
0.154913658422114,0.068155279844496,0.148354430379747,0.104303797468354,0.217721518987342,0.113417721518987,0.490550012242504,2.65792103477819,0.969055232333613,0.771521395205879,0.127088607594937,0.154913658422114,0.15429042841482,0.048582995951417,0.27906976744186,0.835477941176471,7.3125,0.3984375,6.9140625,0.090572033898305,falsetto
0.158253289088183,0.069454134193673,0.152727272727273,0.107807486631016,0.222352941176471,0.114545454545455,0.630956082924684,3.07215363333015,0.965483389820017,0.765850669243081,0.127272727272727,0.158253289088183,0.159908024495708,0.047571853320119,0.269662921348315,1.0703125,7.5,0.3984375,7.1015625,0.122465818010372,falsetto
0.181178461465203,0.070756689497284,0.197629937629938,0.126029106029106,0.243035343035343,0.117006237006237,1.39972652294349,5.34767321791467,0.955387009352329,0.689905112308092,0.257588357588358,0.181178461465203,0.146581391559622,0.047197640117994,0.277456647398844,0.654614825581395,1.359375,0.375,0.984375,0.142857142857143,falsetto
0.185366982002822,0.068705367702562,0.20140350877193,0.149005847953216,0.237426900584795,0.088421052631579,1.13499059963421,3.64128613199984,0.935851916850361,0.672464682892423,0.27672514619883,0.185366982002822,0.126993631701552,0.049689440993789,0.271186440677966,0.614397321428571,1.0078125,0.4921875,0.515625,0.171328671328671,falsetto
0.209191466080771,0.071979984056466,0.235755478662053,0.169873125720877,0.268373702422145,0.098500576701269,3.97781268971774,23.0052019032097,0.912674088759076,0.569235278813497,0.277093425605536,0.209191466080771,0.124660905662498,0.047197640117994,0.269662921348315,0.527122641509434,2.4375,0.28125,2.15625,0.103469899665552,falsetto
0.197581173231667,0.075390706129459,0.223461538461538,0.141794871794872,0.258461538461538,0.116666666666667,2.71801181756104,12.8218950313113,0.928695012400129,0.646063217593015,0.273717948717949,0.197581173231667,0.114167619619523,0.047290640394089,0.242424242424242,0.400240384615385,0.65625,0.3046875,0.3515625,0.189333333333333,falsetto
0.165719678611391,0.071838829006447,0.172532637075718,0.112584856396867,0.225535248041775,0.112950391644909,2.23697497286988,12.6240840894899,0.961972025841814,0.749325117473655,0.148041775456919,0.165719678611391,0.183262749547878,0.047430830039526,0.27906976744186,0.776171875,1.6171875,0,1.6171875,0.111444277861069,falsetto
0.164356671480009,0.070825184953735,0.167111111111111,0.114666666666667,0.224888888888889,0.110222222222222,1.66503188950364,6.81487617394543,0.9531285195656,0.727746865929848,0.148444444444444,0.164356671480009,0.175641019647462,0.049740932642487,0.277456647398844,0.856875,1.640625,0,1.640625,0.100621118012422,falsetto
0.16217308264003,0.072520578625203,0.166602254428341,0.10573268921095,0.224766505636071,0.119033816425121,0.764447196511411,3.36696864087157,0.973893505054553,0.795365045014447,0.25317230273752,0.16217308264003,0.167829091081225,0.047197640117994,0.275862068965517,0.845703125,2.0625,0,2.0625,0.059456168831169,falsetto
0.169124993209311,0.068187276784403,0.175522388059701,0.11910447761194,0.224626865671642,0.105522388059702,0.160357521023868,2.22312767202347,0.970246005218501,0.790294406557596,0.206865671641791,0.169124993209311,0.150788429060461,0.048387096774194,0.260869565217391,0.986505681818182,1.59375,0.609375,0.984375,0.058956916099773,falsetto
0.111402566610764,0.063065311725743,0.097858585858586,0.062505050505051,0.141979797979798,0.079474747474748,1.58466202484063,5.12439759070738,0.945189834208209,0.645054567582424,0.054868686868687,0.111402566610764,0.136899471113143,0.048533872598584,0.277456647398844,0.635602678571429,3.65625,0,3.65625,0.119391025641026,falsetto
0.120534925430508,0.057965149390328,0.108387096774194,0.081290322580645,0.153548387096774,0.072258064516129,0.785150691985422,2.42507830739264,0.936248992988959,0.646701198193176,0.091827956989247,0.120534925430508,0.160117865464529,0.050209205020921,0.247422680412371,1.04966517857143,3.609375,0,3.609375,0.196969696969697,falsetto
0.198585693177808,0.072426838500688,0.218300395256917,0.159644268774704,0.257312252964427,0.097667984189723,2.23896553486266,9.60903534197538,0.939626644963503,0.637297345036093,0.277509881422925,0.198585693177808,0.153728849154318,0.048979591836735,0.277456647398844,0.652209051724138,4.5703125,0.328125,4.2421875,0.071398215044624,falsetto
0.192425544691248,0.072318700875782,0.211111111111111,0.146666666666667,0.251111111111111,0.104444444444444,1.18956603202706,3.8226919399543,0.938482755308517,0.708096641435691,0.28,0.192425544691248,0.122647642810591,0.048289738430584,0.274285714285714,0.46875,0.796875,0.3515625,0.4453125,0.298245614035088,falsetto
0.163733887737507,0.081966584542063,0.188379204892966,0.08177370030581,0.237614678899083,0.155840978593272,0.344367350812263,2.22465048769405,0.965375104148812,0.726174018418217,0.042385321100917,0.163733887737507,0.17102945020158,0.04692082111437,0.272727272727273,0.897991071428571,5.25,0,5.25,0.044210829493088,falsetto
0.123933802907461,0.074965201937664,0.105,0.0634375,0.18703125,0.12359375,1.61668357576582,6.27863279214948,0.959249689664854,0.768067662927783,0,0.123933802907461,0.174416138017927,0.055109070034443,0.275862068965517,0.75,1.5234375,0.609375,0.9140625,0.121794871794872,falsetto
0.215680652911801,0.067072530867638,0.24411214953271,0.177196261682243,0.267289719626168,0.090093457943925,3.04325427994471,13.4935444971001,0.902569445504946,0.518562754707469,0.278878504672897,0.215680652911801,0.140437898343474,0.048533872598584,0.263736263736264,1.54314630681818,21.75,0,21.75,0.072223932676519,falsetto
0.215760787846318,0.064478293426711,0.239526066350711,0.187109004739336,0.262748815165877,0.07563981042654,2.20720903685408,8.40836128562723,0.905062920170615,0.522150091130001,0.274028436018957,0.215760787846318,0.145974404858648,0.047524752475248,0.262295081967213,1.46183035714286,7.5703125,0.3515625,7.21875,0.133785332314744,falsetto
0.125496920229431,0.07343744025175,0.103835182250396,0.064342313787639,0.18459587955626,0.120253565768621,1.31176465098169,4.66256796935194,0.961532173271981,0.75242417073225,0.063011093502377,0.125496920229431,0.172047482474682,0.05,0.277456647398844,0.87265625,6.0703125,0,6.0703125,0.057760617760618,falsetto
0.147166600644576,0.080004301616547,0.1518407960199,0.073830845771144,0.221492537313433,0.147661691542289,0.954008042621781,4.01112068360486,0.955883910195417,0.74140216766415,0,0.147166600644576,0.136402589205858,0.049484536082474,0.275862068965517,0.69140625,1.21875,0.3046875,0.9140625,0.13960113960114,falsetto
0.15847136585979,0.065948932757958,0.158241758241758,0.102857142857143,0.211428571428571,0.108571428571429,0.957905166874025,3.7338873394544,0.959073954738013,0.707753996435359,0.094505494505495,0.15847136585979,0.145800380778202,0.047244094488189,0.277456647398844,0.898628048780488,5.015625,0.09375,4.921875,0.127443609022556,falsetto
0.144578878215894,0.066091095266589,0.143664921465969,0.093821989528796,0.189109947643979,0.095287958115183,1.28714298998074,4.09081241867152,0.94421388637677,0.697974336211215,0.105549738219895,0.144578878215894,0.13954153998301,0.049230769230769,0.25531914893617,0.5625,0.9609375,0.3515625,0.609375,0.148717948717949,falsetto
0.146580994531434,0.069585256311148,0.158837920489297,0.085626911314985,0.19480122324159,0.109174311926605,2.9880600755975,18.4526534807236,0.959281363222206,0.747516839229144,0.16525993883792,0.146580994531434,0.13718507580485,0.047337278106509,0.27906976744186,1.06850961538462,6.9609375,0.609375,6.3515625,0.060237359130348,falsetto
0.14326237183161,0.069543586818164,0.159142091152815,0.078069705093834,0.19142091152815,0.113351206434316,3.04522473386672,16.6727045096499,0.952432608151598,0.745995153569163,0.16514745308311,0.14326237183161,0.148390322736245,0.053993250843645,0.277456647398844,0.834375,1.4765625,0.609375,0.8671875,0.163127413127413,falsetto
0.151397350574197,0.080637938984119,0.144659270998415,0.079429477020602,0.224976228209192,0.14554675118859,1.96584490801818,9.25936673208183,0.962574182491281,0.756786899931002,0.051917591125198,0.151397350574197,0.149277237669492,0.04883011190234,0.268156424581006,1.30353860294118,6.5625,0.515625,6.046875,0.126380079868452,falsetto
0.154461232047854,0.076888496758484,0.147865168539326,0.087303370786517,0.219438202247191,0.132134831460674,2.81060271251302,14.9288203670813,0.956214464911206,0.761196706745427,0.144719101123596,0.154461232047854,0.159589168262672,0.049382716049383,0.271186440677966,1.15005387931034,2.6015625,0.6328125,1.96875,0.177295918367347,falsetto
0.133948880914169,0.073909123052835,0.133256262042389,0.068516377649326,0.18504816955684,0.116531791907514,3.08910814595202,18.9537469244768,0.961038317407339,0.769309772915426,0.174797687861272,0.133948880914169,0.13775396238528,0.048730964467005,0.27906976744186,0.70458984375,1.1015625,0.5625,0.5390625,0.131837307152875,falsetto
0.131259314739393,0.07455126950007,0.128580060422961,0.065981873111783,0.182719033232628,0.116737160120846,3.59963066459598,27.3011401249926,0.958041934247997,0.767593563288128,0.175105740181269,0.131259314739393,0.124508227749124,0.048632218844985,0.272727272727273,0.715277777777778,1.1015625,0.5625,0.5390625,0.140468227424749,falsetto
0.203329806778907,0.075455965226136,0.239342694950702,0.159617567971318,0.25515386913654,0.095536301165223,2.19515888335937,7.22524264050411,0.930185463485476,0.564809655203865,0.254149985061249,0.203329806778907,0.152075756021287,0.047197640117994,0.27906976744186,0.540550595238095,7.171875,0,7.171875,0.042980960500142,falsetto
0.149393382780646,0.083677579907817,0.156301369863014,0.07958904109589,0.224383561643836,0.144794520547945,0.865285463122099,3.98135349683696,0.977342926961554,0.861676080997628,0.279041095890411,0.149393382780646,0.173500409205926,0.0481444332999,0.275862068965517,0.4482421875,0.5390625,0.375,0.1640625,0.149068322981366,falsetto
